ticker,publishedAt,title,description,snippet,source,url
NVDA,2025-01-15T09:57:56.000000Z,Nvidia (NVDA) Stock Analysis for Today,Looking to trade NVDA stock today (15 Jan) or just after today's CPI report? Here's one simple way to consider: Bullish above: $132.89 and bearish below: $130.3...,"TradeCompass: Nvidia (NVDA) Stock Analysis – 15 January 2025

Financial Instrument: Nvidia Stock (NVDA)

Price at the Time of Analysis: $131.50 (premarket ses...",forexlive.com,https://www.forexlive.com/technical-analysis/nvidia-nvda-stock-analysis-for-today-20250115/
NVDA,2025-03-03T10:11:02.000000Z,Watch the NVDA Stock Price 'Map',"Understanding key price levels in NVIDIA stock (NVDA) is crucial for day traders, short-term swing traders, and investors, as these levels, closely monitored by...","NVIDIA Stock (NVDA) Key Price Levels & Market Map for Traders and Investors

For day traders, short-term swing traders, and investors, understanding key price l...",forexlive.com,https://www.forexlive.com/stock-market-update/watch-the-nvda-stock-price-map-20250303/
NVDA,2025-06-06T17:56:15.000000Z,Nvidia (NVDA) Faces Delays in UAE AI Data Center Project,"Nvidia's collaboration to build a data center in the UAE is delayed, impacting AI development efforts.    Analyst forecasts suggest a potential upside for","Nvidia's collaboration to build a data center in the UAE is delayed, impacting AI development efforts.

Analyst forecasts suggest a potential upside for Nvidia ...",gurufocus.com,https://www.gurufocus.com/news/2913446/nvidia-nvda-faces-delays-in-uae-ai-data-center-project
NVDA,2025-04-25T05:56:55.000000Z,"NVIDIA Stock (NVDA) Faces New Export Restrictions, Analysts Remain Optimistic","NVIDIA faces new U.S. export restrictions impacting its H20 series shipments to China.    Despite challenges, analysts uphold an ""Outperform"" rating for NV","NVIDIA faces new U.S. export restrictions impacting its H20 series shipments to China.

Despite challenges, analysts uphold an ""Outperform"" rating for NVIDIA, h...",gurufocus.com,https://www.gurufocus.com/news/2803881/nvidia-stock-nvda-faces-new-export-restrictions-analysts-remain-optimistic
NVDA,2025-04-02T23:56:25.000000Z,Nvidia (NVDA) Faces Pressure Amid Tariff Concerns,"Key Takeaways:
Nvidia stock dips as U.S. tariffs impact the semiconductor market.Analysts predict significant upside potential for Nvidia shares.Current ""Outper","Key Takeaways:

Nvidia stock dips as U.S. tariffs impact the semiconductor market.

Analysts predict significant upside potential for Nvidia shares.

Current ""O...",gurufocus.com,https://www.gurufocus.com/news/2761085/nvidia-nvda-faces-pressure-amid-tariff-concerns
NVDA,2025-04-09T21:02:04.000000Z,Nvidia (NVDA): A Promising Buy Despite Tariff Headwinds,Nvidia (NVDA) maintains a strong hold on the data center GPU market with a dominant 98% share.    Significant revenue and EPS growth projected for fiscal 2,"Nvidia (NVDA, Financial) maintains a strong hold on the data center GPU market with a dominant 98% share.

Significant revenue and EPS growth projected for fisc...",gurufocus.com,https://www.gurufocus.com/news/2769679/nvidia-nvda-a-promising-buy-despite-tariff-headwinds
NVDA,2025-07-08T13:38:13.000000Z,Nvidia Scores Another Sovereign AI Win. How Should You Play NVDA Stock Here?,"A Citi analyst raised their price target on Nvidia shares to $190, citing sovereign AI demand. Easing supply chain bottlenecks could unlock further upside in NV...","Jen-Hsun Huan NVIDIA's Founder, President and CEO by jamesonwu1972 via Shutterstock

Nvidia (NVDA) shares are in focus after Atif Malik – a senior Citi analys...",finance.yahoo.com,https://finance.yahoo.com/news/nvidia-scores-another-sovereign-ai-133813859.html
NVDA,2025-07-17T13:01:25.000000Z,Nvidia (NVDA) Resumes H20 Chip Sales to China,"Summary:
  Nvidia revives sales of its H20 chip in China, signaling a pivotal shift in U.S.-China trade relations.  Wall Street projects a modest upside for Nvi","Summary:

Nvidia revives sales of its H20 chip in China, signaling a pivotal shift in U.S.-China trade relations.

Wall Street projects a modest upside for Nvid...",gurufocus.com,https://www.gurufocus.com/news/2983869/nvidia-nvda-resumes-h20-chip-sales-to-china
NVDA,2025-04-16T17:48:55.000000Z,Prominent Investor Is Kicking the Tires on NVDA for the First Time,In This Article:,"In This Article:

""I don't own Nvidia (NVDA), but this is the first time I'm really starting to look at (Nvidia)"" stock, prominent CNBC contributor Stephanie Li...",upstract.com,https://biztoc.com/x/b65399324087658c?ref=ff
NVDA,2025-06-10T19:55:57.000000Z,Nvidia (NVDA) Maintains GPU Dominance in Top Supercomputers,"Nvidia's GPUs are key players in supercomputing, leading in over half of the new Top500 systems.    NVIDIA Corp (NVDA) shows potential upside with price ta","Nvidia's GPUs are key players in supercomputing, leading in over half of the new Top500 systems.

NVIDIA Corp (NVDA, Financial) shows potential upside with pric...",gurufocus.com,https://www.gurufocus.com/news/2919411/nvidia-nvda-maintains-gpu-dominance-in-top-supercomputers
NVDA,2025-06-14T14:33:25.000000Z,Now I’m Worried About Nvidia Stock (NVDA),"Key Points
 
 
 
 
Nvidia (NASDAQ: NVDA) faces an existential risk from U.S. export restrictions, as banning high-end chip sales to China could accelerate…","Key Points









Nvidia (NASDAQ: NVDA) faces an existential risk from U.S. export restrictions, as banning high-end chip sales to China could accelerate Chin...",upstract.com,https://biztoc.com/x/8daf358c13273c72?ref=ff
NVDA,2025-04-14T12:55:29.000000Z,Nvidia (NVDA) Poised for Gains Amid Semiconductor Sector Shifts,"Summary:
    Nvidia (NVDA) gains attention as a top semiconductor pick by Bank of America due to favorable industry conditions.    Analysts forecast significant","Summary:

Nvidia (NVDA, Financial) gains attention as a top semiconductor pick by Bank of America due to favorable industry conditions.

Analysts forecast signi...",gurufocus.com,https://www.gurufocus.com/news/2776556/nvidia-nvda-poised-for-gains-amid-semiconductor-sector-shifts
NVDA,2025-04-04T12:55:22.000000Z,Nvidia (NVDA) Shares Tumble Amid New Tariff Announcement,"Summary:
    Nvidia's stock experienced a significant dip of 7.5% following the U.S. announcement of new tariffs on semiconductor imports.    Despite increased","Summary:

Nvidia's stock experienced a significant dip of 7.5% following the U.S. announcement of new tariffs on semiconductor imports.

Despite increased costs...",gurufocus.com,https://www.gurufocus.com/news/2762880/nvidia-nvda-shares-tumble-amid-new-tariff-announcement
NVDA,2025-04-30T18:57:59.000000Z,Nvidia (NVDA) CEO Urges Rethink on AI Export Regulations,"Nvidia's CEO underscores the need for revised AI export rules in the U.S., reflecting on global competition.    Analysts predict significant upside potenti","Nvidia's CEO underscores the need for revised AI export rules in the U.S., reflecting on global competition.

Analysts predict significant upside potential for ...",gurufocus.com,https://www.gurufocus.com/news/2816571/nvidia-nvda-ceo-urges-rethink-on-ai-export-regulations
NVDA,2025-04-03T11:55:34.000000Z,Nvidia's (NVDA) Dominance in AI Market Highlights Investment Potential,Nvidia captures 92% of the AI chip market with its leading data center GPUs.    Analysts foresee a potential upside of over 140% for Nvidia stock.    Stron,"Nvidia captures 92% of the AI chip market with its leading data center GPUs.

Analysts foresee a potential upside of over 140% for Nvidia stock.

Strong demand ...",gurufocus.com,https://www.gurufocus.com/news/2761316/nvidias-nvda-dominance-in-ai-market-highlights-investment-potential
NVDA,2025-07-10T20:56:53.000000Z,Nvidia (NVDA) CEO Engages with Trump on Export Restrictions,"Key Highlights:
    Nvidia CEO Jensen Huang is actively seeking to influence U.S. technology export policies amid key meetings.    Analysts predict a potential","Key Highlights:

Nvidia CEO Jensen Huang is actively seeking to influence U.S. technology export policies amid key meetings.

Analysts predict a potential upsid...",gurufocus.com,https://www.gurufocus.com/news/2970544/nvidia-nvda-ceo-engages-with-trump-on-export-restrictions
NVDA,2025-06-10T12:55:50.000000Z,Nvidia (NVDA) Partners with HPE for Advanced Supercomputer Project,"Key Highlights:
    Nvidia (NVDA) partners with Hewlett Packard Enterprise (HPE) on an innovative supercomputer project.    Wall Street remains optimistic with","Key Highlights:

Nvidia (NVDA, Financial) partners with Hewlett Packard Enterprise (HPE) on an innovative supercomputer project.

Wall Street remains optimistic...",gurufocus.com,https://www.gurufocus.com/news/2917872/nvidia-nvda-partners-with-hpe-for-advanced-supercomputer-project
NVDA,2025-04-03T10:55:31.000000Z,Nvidia (NVDA) Stock: A Golden Opportunity for Long-Term Investors,"Nvidia (NVDA): Leading the AI Market with Promising Upside
    Nvidia commands 90% of the AI server market, showcasing strong market leadership.    Despite a re","Nvidia (NVDA, Financial): Leading the AI Market with Promising Upside

Nvidia commands 90% of the AI server market, showcasing strong market leadership.

Despit...",gurufocus.com,https://www.gurufocus.com/news/2761264/nvidia-nvda-stock-a-golden-opportunity-for-longterm-investors
NVDA,2025-04-17T16:56:18.000000Z,Nvidia (NVDA) Faces Significant Revenue Impact from New Export Restrictions,"Nvidia faces a significant financial impact due to U.S. export restrictions, potentially cutting earnings by up to 10% in 2025.    Wall Street analysts pre","Nvidia faces a significant financial impact due to U.S. export restrictions, potentially cutting earnings by up to 10% in 2025.

Wall Street analysts predict a ...",gurufocus.com,https://www.gurufocus.com/news/2787477/nvidia-nvda-faces-significant-revenue-impact-from-new-export-restrictions
NVDA,2025-02-28T09:58:11.000000Z,Is NVDA Stock a Buy?,"The major low may not be in, but this Nvidia stock trade idea is a tactical short term swing Long with a detailed plan","NVIDIA Buy-The-Dip Tactical Plan – Post-Earnings Decline

Summary & Execution Plan

No initial trade before earnings: The plan before NVDA earnings was to wai...",forexlive.com,https://www.forexlive.com/stock-market-update/is-nvda-stock-a-buy-20250228/
NVDA,2025-04-04T19:57:56.000000Z,Nvidia (NVDA) Maintains Prices for New RTX 5060 Ti Graphics Cards,Nvidia maintains pricing strategy with new RTX 5060 Ti graphics cards.    Analysts see significant upside potential for Nvidia stock.    GuruFocus estimate,"Nvidia maintains pricing strategy with new RTX 5060 Ti graphics cards.

Analysts see significant upside potential for Nvidia stock.

GuruFocus estimates reveal ...",gurufocus.com,https://www.gurufocus.com/news/2763576/nvidia-nvda-maintains-prices-for-new-rtx-5060-ti-graphics-cards
NVDA,2025-07-18T20:55:32.000000Z,Nvidia (NVDA) Faces Scrutiny Over AI Chip Sales to China,Nvidia's (NVDA) recent decision to ship H20 AI chips to China raises strategic concerns among U.S. lawmakers.    Analysts predict an average price target o,"Nvidia's (NVDA, Financial) recent decision to ship H20 AI chips to China raises strategic concerns among U.S. lawmakers.

Analysts predict an average price targ...",gurufocus.com,https://www.gurufocus.com/news/2988408/nvidia-nvda-faces-scrutiny-over-ai-chip-sales-to-china
NVDA,2025-05-28T17:01:00.000000Z,How to Trade Nvidia Stock (NVDA) Ahead of Pivotal Earnings Call,"Nvidia’s (NVDA) earnings figures are set to be published tomorrow, and as usual, the Santa Clara, California-based tech giant faces a very high bar—it needs...","Nvidia’s (NVDA) earnings figures are set to be published tomorrow, and as usual, the Santa Clara, California-based tech giant faces a very high bar—it needs...",finance.yahoo.com,https://finance.yahoo.com/news/trade-nvidia-stock-nvda-ahead-170100009.html
NVDA,2024-03-15T14:10:57.000000Z,"NVDA ETF just split 6 for 1, is Nvidia stock split next? By Investing.com","NVDA ETF just split 6 for 1, is Nvidia stock split next?","Published Mar 15, 2024 10:10AM ET

© Reuters.

NVDA +0.71% Add to/Remove from Watchlist

Artificial intelligence (AI) bulls have been flocking to an exchange-t...",investing.com,https://www.investing.com/news/stock-market-news/nvda-etf-just-split-6-for-1-is-nvidia-stock-split-next-3340144
NVDA,2025-07-16T09:55:30.000000Z,Nvidia (NVDA) Resumes AI Chip Sales to China Amid Trade Tensions,"Key Highlights:
    Nvidia resumes AI chip sales to China, navigating geopolitical complexities.    Wall Street analysts see potential upside for Nvidia stock w","Key Highlights:

Nvidia resumes AI chip sales to China, navigating geopolitical complexities.

Wall Street analysts see potential upside for Nvidia stock with a...",gurufocus.com,https://www.gurufocus.com/news/2980025/nvidia-nvda-resumes-ai-chip-sales-to-china-amid-trade-tensions
NVDA,2025-07-10T12:18:46.000000Z,Nvidia stock price today: NVDA shares rally near peak as AI chip demand spikes — is this the top or just the start?,"Nvidia NVDA stock price today, July 10, continues to draw strong investor attention as shares extend their rally amid booming demand for AI chips and tech optim...","Why is Nvidia stock up again today?

Live Events

What’s driving Nvidia’s stock price movement this week?

Positive analyst upgrades, with price targets rea...",economictimes.indiatimes.com,https://economictimes.indiatimes.com/news/international/us/nvidia-nvda-stock-price-today-july-10-stock-performance-trading-movement/articleshow/122366357.cms
NVDA,2024-06-03T12:14:00.000000Z,Nvidia stock is splitting this week: Here’s what that means for NVDA investors,"AI chipmaker Nvidia Corp will split its stock this week, meaning investors will have 10 times as many shares when trading begins next week.","BY Michael Grothaus2 minute read

The hottest tech stock of the past two years has no doubt been Nvidia Corp, the maker of chips that power the high-end servers...",fastcompany.com,https://www.fastcompany.com/91134752/nvidia-stock-split-2024-date-this-week-reason-investors?partner=rss&amp;utm_source=rss&amp;utm_medium=feed&amp;utm_campaign=rss+fastcompany&amp;utm_content=rss
NVDA,2025-04-03T21:33:47.000000Z,Why This Top-Rated Analyst Just Downgraded Nvidia Stock (NVDA),HSBC downgraded chipmaker Nvidia (NVDA) from a Buy to a Hold rating on Thursday after saying that the company’s pricing power for GPUs is becoming weaker. As?...,HSBC downgraded chipmaker Nvidia (NVDA) from a Buy to a Hold rating on Thursday after saying that the company’s pricing power for GPUs is becoming weaker. As ...,upstract.com,https://biztoc.com/x/745133ac306b0eb4?ref=ff
NVDA,2025-03-02T20:35:22.000000Z,Nvidia stock nears ‘implosion mode’: What next for NVDA?,The stock price of semiconductor giant Nvidia (NASDAQ: NVDA) has experienced significant volatility despite the company’s Q4 earnings exceeding expectations?...,The stock price of semiconductor giant Nvidia (NASDAQ: NVDA) has experienced significant volatility despite the company’s Q4 earnings exceeding expectations w...,upstract.com,https://biztoc.com/x/6d18c35f938a6982?ref=ff
NVDA,2024-09-28T18:40:19.000000Z,"Nvidia Stock (NVDA) Is Still a Long-Term Winner, No Matter the Noise","Artificial Intelligence (AI) prodigy Nvidia (NVDA), the world’s third-highest-valued stock, experienced a material decline in market capitalization following ...","Artificial Intelligence (AI) prodigy Nvidia (NVDA), the world’s third-highest-valued stock, experienced a material decline in market capitalization following ...",finance.yahoo.com,https://finance.yahoo.com/news/nvidia-stock-nvda-still-long-184019579.html
